audit,tier,row,n_fake,n_real,auc
psr,1,honest_null,300,600,0.8576277777777778
psr,1,honest_trend,0,600,nan
psr,1,miner_null,300,600,0.8317111111111111
psr,1,miner_trend,0,600,nan
psr,1,lookahead,300,600,0.0
psr,1,normaliser,300,600,0.44153888888888887
psr,1,cost_ignorer,300,600,0.7691222222222223
psr,1,survivor,300,600,0.6524055555555556
psr,1,window_picker,300,600,0.8586444444444444
psr,1,asset_picker,300,600,0.8571388888888889
dsr_assumed,1,honest_null,300,600,0.85825
dsr_assumed,1,honest_trend,0,600,nan
dsr_assumed,1,miner_null,300,600,0.8329111111111112
dsr_assumed,1,miner_trend,0,600,nan
dsr_assumed,1,lookahead,300,600,0.0
dsr_assumed,1,normaliser,300,600,0.44259444444444446
dsr_assumed,1,cost_ignorer,300,600,0.7695388888888889
dsr_assumed,1,survivor,300,600,0.6539944444444444
dsr_assumed,1,window_picker,300,600,0.8586611111111111
dsr_assumed,1,asset_picker,300,600,0.8619888888888889
dsr,2,honest_null,300,600,0.39981666666666665
dsr,2,honest_trend,0,600,nan
dsr,2,miner_null,300,600,0.7435055555555555
dsr,2,miner_trend,0,600,nan
dsr,2,lookahead,300,600,0.0
dsr,2,normaliser,300,600,0.16767222222222222
dsr,2,cost_ignorer,300,600,0.34539444444444445
dsr,2,survivor,300,600,0.2774277777777778
dsr,2,window_picker,300,600,0.47683333333333333
dsr,2,asset_picker,300,600,0.6180777777777777
pbo,2,honest_null,0,300,nan
pbo,2,honest_trend,0,300,nan
pbo,2,miner_null,300,300,0.5034166666666666
pbo,2,miner_trend,0,300,nan
pbo,2,lookahead,0,300,nan
pbo,2,normaliser,0,300,nan
pbo,2,cost_ignorer,0,300,nan
pbo,2,survivor,0,300,nan
pbo,2,window_picker,300,300,0.5602777777777778
pbo,2,asset_picker,300,300,0.44734444444444443
bonferroni,2,honest_null,300,600,0.6174944444444445
bonferroni,2,honest_trend,0,600,nan
bonferroni,2,miner_null,300,600,0.9464333333333333
bonferroni,2,miner_trend,0,600,nan
bonferroni,2,lookahead,300,600,0.0
bonferroni,2,normaliser,300,600,0.2599166666666667
bonferroni,2,cost_ignorer,300,600,0.5326
bonferroni,2,survivor,300,600,0.4291611111111111
bonferroni,2,window_picker,300,600,0.8209166666666666
bonferroni,2,asset_picker,300,600,0.86195
reality_check,2,honest_null,300,600,0.6235305555555556
reality_check,2,honest_trend,0,600,nan
reality_check,2,miner_null,300,600,0.9484944444444444
reality_check,2,miner_trend,0,600,nan
reality_check,2,lookahead,300,600,0.195
reality_check,2,normaliser,300,600,0.3117611111111111
reality_check,2,cost_ignorer,300,600,0.5394694444444444
reality_check,2,survivor,300,600,0.43164166666666665
reality_check,2,window_picker,300,600,0.7919194444444444
reality_check,2,asset_picker,300,600,0.9480972222222223
spa,2,honest_null,300,600,0.6105333333333334
spa,2,honest_trend,0,600,nan
spa,2,miner_null,300,600,0.9418305555555555
spa,2,miner_trend,0,600,nan
spa,2,lookahead,300,600,0.1875
spa,2,normaliser,300,600,0.30320277777777777
spa,2,cost_ignorer,300,600,0.5279388888888888
spa,2,survivor,300,600,0.42215555555555556
spa,2,window_picker,300,600,0.7612527777777778
spa,2,asset_picker,300,600,0.9385194444444445
placebo,3,honest_null,300,600,0.48378333333333334
placebo,3,honest_trend,0,600,nan
placebo,3,miner_null,300,600,0.9151972222222222
placebo,3,miner_trend,0,600,nan
placebo,3,lookahead,300,600,0.9848805555555555
placebo,3,normaliser,300,600,0.9741861111111111
placebo,3,cost_ignorer,300,600,0.5118166666666667
placebo,3,survivor,300,600,0.4650666666666667
placebo,3,window_picker,300,600,0.694675
placebo,3,asset_picker,300,600,0.9312277777777778
delay,3,honest_null,300,600,0.8539777777777777
delay,3,honest_trend,0,600,nan
delay,3,miner_null,300,600,0.8195333333333333
delay,3,miner_trend,0,600,nan
delay,3,lookahead,300,600,0.9965888888888889
delay,3,normaliser,300,600,0.4104777777777778
delay,3,cost_ignorer,300,600,0.9925888888888889
delay,3,survivor,300,600,0.6195277777777778
delay,3,window_picker,300,600,0.846
delay,3,asset_picker,300,600,0.8439277777777778
cost_stress,3,honest_null,300,600,0.8697444444444444
cost_stress,3,honest_trend,0,600,nan
cost_stress,3,miner_null,300,600,0.8075944444444444
cost_stress,3,miner_trend,0,600,nan
cost_stress,3,lookahead,300,600,0.0
cost_stress,3,normaliser,300,600,0.4199277777777778
cost_stress,3,cost_ignorer,300,600,1.0
cost_stress,3,survivor,300,600,0.6279388888888889
cost_stress,3,window_picker,300,600,0.8525888888888888
cost_stress,3,asset_picker,300,600,0.8182222222222222
pit_universe,3,honest_null,300,600,0.8582722222222222
pit_universe,3,honest_trend,0,600,nan
pit_universe,3,miner_null,300,600,0.8328777777777778
pit_universe,3,miner_trend,0,600,nan
pit_universe,3,lookahead,300,600,0.0
pit_universe,3,normaliser,300,600,0.4432833333333333
pit_universe,3,cost_ignorer,300,600,0.7695888888888889
pit_universe,3,survivor,300,600,0.9982277777777778
pit_universe,3,window_picker,300,600,0.8585388888888889
pit_universe,3,asset_picker,300,600,0.8619944444444444
holdout,3,honest_null,300,600,0.5419888888888889
holdout,3,honest_trend,0,600,nan
holdout,3,miner_null,300,600,0.7359722222222222
holdout,3,miner_trend,0,600,nan
holdout,3,lookahead,300,600,0.0002666666666666667
holdout,3,normaliser,300,600,0.6977055555555556
holdout,3,cost_ignorer,300,600,0.4678833333333333
holdout,3,survivor,300,600,0.5665166666666667
holdout,3,window_picker,300,600,0.4725611111111111
holdout,3,asset_picker,300,600,0.7353555555555555
forward_1y,3,honest_null,300,600,0.6925777777777777
forward_1y,3,honest_trend,0,600,nan
forward_1y,3,miner_null,300,600,0.7096555555555556
forward_1y,3,miner_trend,0,600,nan
forward_1y,3,lookahead,300,600,0.6980555555555555
forward_1y,3,normaliser,300,600,0.6974611111111111
forward_1y,3,cost_ignorer,300,600,0.7269722222222222
forward_1y,3,survivor,300,600,0.6794388888888889
forward_1y,3,window_picker,300,600,0.6889055555555555
forward_1y,3,asset_picker,300,600,0.69655
forward_3y,3,honest_null,300,600,0.8433166666666667
forward_3y,3,honest_trend,0,600,nan
forward_3y,3,miner_null,300,600,0.8159666666666666
forward_3y,3,miner_trend,0,600,nan
forward_3y,3,lookahead,300,600,0.8480666666666666
forward_3y,3,normaliser,300,600,0.8183611111111111
forward_3y,3,cost_ignorer,300,600,0.8320277777777778
forward_3y,3,survivor,300,600,0.8045444444444444
forward_3y,3,window_picker,300,600,0.8244777777777778
forward_3y,3,asset_picker,300,600,0.7982777777777778
