row,audit,tier,n_fake,caught,catch_rate,catch_lo,catch_hi,n_real,false_alarms,false_alarm_rate,fa_lo,fa_hi,n_marginal,n_not_applicable
honest_null,psr,1,300,0,0.0,8.673617379884035e-19,0.012642971421476655,0,0,nan,nan,nan,0,0
honest_null,dsr_assumed,1,300,300,1.0,0.9873570285785234,1.0,0,0,nan,nan,nan,0,0
honest_null,dsr,2,300,0,0.0,8.673617379884035e-19,0.012642971421476655,0,0,nan,nan,nan,0,0
honest_null,pbo,2,0,0,nan,nan,nan,0,0,nan,nan,nan,0,300
honest_null,bonferroni,2,300,0,0.0,8.673617379884035e-19,0.012642971421476655,0,0,nan,nan,nan,0,0
honest_null,reality_check,2,300,0,0.0,8.673617379884035e-19,0.012642971421476655,0,0,nan,nan,nan,0,0
honest_null,spa,2,300,0,0.0,8.673617379884035e-19,0.012642971421476655,0,0,nan,nan,nan,0,0
honest_null,placebo,3,300,12,0.04,0.0230273213894913,0.06860421231826722,0,0,nan,nan,nan,0,0
honest_null,delay,3,300,72,0.24,0.19515315662680632,0.2914211885123615,0,0,nan,nan,nan,0,0
honest_null,cost_stress,3,300,0,0.0,8.673617379884035e-19,0.012642971421476655,0,0,nan,nan,nan,0,0
honest_null,pit_universe,3,300,0,0.0,8.673617379884035e-19,0.012642971421476655,0,0,nan,nan,nan,0,0
honest_null,holdout,3,300,203,0.6766666666666666,0.6217915458055655,0.7270746042921793,0,0,nan,nan,nan,0,0
honest_null,forward_1y,3,300,286,0.9533333333333334,0.9232026394822935,0.972001066428901,0,0,nan,nan,nan,0,0
honest_null,forward_3y,3,300,291,0.97,0.9439774605957181,0.9841381462680938,0,0,nan,nan,nan,0,0
honest_trend,psr,1,0,0,nan,nan,nan,300,0,0.0,8.673617379884035e-19,0.012642971421476655,0,0
honest_trend,dsr_assumed,1,0,0,nan,nan,nan,300,274,0.9133333333333333,0.876044040968005,0.9401711026569075,0,0
honest_trend,dsr,2,0,0,nan,nan,nan,300,0,0.0,8.673617379884035e-19,0.012642971421476655,0,0
honest_trend,pbo,2,0,0,nan,nan,nan,0,0,nan,nan,nan,0,300
honest_trend,bonferroni,2,0,0,nan,nan,nan,300,0,0.0,8.673617379884035e-19,0.012642971421476655,0,0
honest_trend,reality_check,2,0,0,nan,nan,nan,300,0,0.0,8.673617379884035e-19,0.012642971421476655,0,0
honest_trend,spa,2,0,0,nan,nan,nan,300,0,0.0,8.673617379884035e-19,0.012642971421476655,0,0
honest_trend,placebo,3,0,0,nan,nan,nan,300,9,0.03,0.015861853731906215,0.05602253940428184,0,0
honest_trend,delay,3,0,0,nan,nan,nan,300,6,0.02,0.009197631503835551,0.04293962106078204,0,0
honest_trend,cost_stress,3,0,0,nan,nan,nan,300,0,0.0,8.673617379884035e-19,0.012642971421476655,0,0
honest_trend,pit_universe,3,0,0,nan,nan,nan,300,0,0.0,8.673617379884035e-19,0.012642971421476655,0,0
honest_trend,holdout,3,0,0,nan,nan,nan,300,153,0.51,0.4536641890162885,0.5660829515552821,0,0
honest_trend,forward_1y,3,0,0,nan,nan,nan,300,236,0.7866666666666666,0.7368372917176351,0.8292474046673848,0,0
honest_trend,forward_3y,3,0,0,nan,nan,nan,300,185,0.6166666666666667,0.5605031387181294,0.6698801679501927,0,0
miner_null,psr,1,300,0,0.0,8.673617379884035e-19,0.012642971421476655,0,0,nan,nan,nan,0,0
miner_null,dsr_assumed,1,300,300,1.0,0.9873570285785234,1.0,0,0,nan,nan,nan,0,0
miner_null,dsr,2,300,300,1.0,0.9873570285785234,1.0,0,0,nan,nan,nan,0,0
miner_null,pbo,2,300,76,0.25333333333333335,0.2074497498699208,0.3054541160313411,0,0,nan,nan,nan,0,0
miner_null,bonferroni,2,300,288,0.96,0.9313957876817327,0.9769726786105086,0,0,nan,nan,nan,0,0
miner_null,reality_check,2,300,271,0.9033333333333333,0.8646182976832317,0.9318497053701105,0,0,nan,nan,nan,0,0
miner_null,spa,2,300,266,0.8866666666666667,0.8458006037667913,0.9177554983339336,0,0,nan,nan,nan,0,0
miner_null,placebo,3,300,254,0.8466666666666667,0.801533942552592,0.8830335972618508,0,0,nan,nan,nan,0,0
miner_null,delay,3,300,39,0.13,0.09657536918439574,0.17278042966749696,0,0,nan,nan,nan,0,0
miner_null,cost_stress,3,300,14,0.04666666666666667,0.02799893357109902,0.07679736051770648,0,0,nan,nan,nan,0,0
miner_null,pit_universe,3,300,0,0.0,8.673617379884035e-19,0.012642971421476655,0,0,nan,nan,nan,0,0
miner_null,holdout,3,300,265,0.8833333333333333,0.842066856311687,0.9149068655985141,0,0,nan,nan,nan,0,0
miner_null,forward_1y,3,300,284,0.9466666666666667,0.9151308579259881,0.9669080876041592,0,0,nan,nan,nan,0,0
miner_null,forward_3y,3,300,284,0.9466666666666667,0.9151308579259881,0.9669080876041592,0,0,nan,nan,nan,0,0
miner_trend,psr,1,0,0,nan,nan,nan,300,0,0.0,8.673617379884035e-19,0.012642971421476655,0,0
miner_trend,dsr_assumed,1,0,0,nan,nan,nan,300,224,0.7466666666666667,0.694545883968659,0.7925502501300793,0,0
miner_trend,dsr,2,0,0,nan,nan,nan,300,300,1.0,0.9873570285785234,1.0,0,0
miner_trend,pbo,2,0,0,nan,nan,nan,300,78,0.26,0.21362060292090596,0.3124480233614029,0,0
miner_trend,bonferroni,2,0,0,nan,nan,nan,300,121,0.4033333333333333,0.3493821696692794,0.45972880480553946,0,0
miner_trend,reality_check,2,0,0,nan,nan,nan,300,71,0.23666666666666666,0.19208870359347796,0.28790326135516636,0,0
miner_trend,spa,2,0,0,nan,nan,nan,300,84,0.28,0.23221902177629877,0.333343885649151,0,0
miner_trend,placebo,3,0,0,nan,nan,nan,300,65,0.21666666666666667,0.17378783476163295,0.26670984904387046,0,0
miner_trend,delay,3,0,0,nan,nan,nan,300,6,0.02,0.009197631503835551,0.04293962106078204,0,0
miner_trend,cost_stress,3,0,0,nan,nan,nan,300,0,0.0,8.673617379884035e-19,0.012642971421476655,0,0
miner_trend,pit_universe,3,0,0,nan,nan,nan,300,0,0.0,8.673617379884035e-19,0.012642971421476655,0,0
miner_trend,holdout,3,0,0,nan,nan,nan,300,204,0.68,0.6252238884745567,0.7302246418137117,0,0
miner_trend,forward_1y,3,0,0,nan,nan,nan,300,236,0.7866666666666666,0.7368372917176351,0.8292474046673848,0,0
miner_trend,forward_3y,3,0,0,nan,nan,nan,300,203,0.6766666666666666,0.6217915458055655,0.7270746042921793,0,0
lookahead,psr,1,300,0,0.0,8.673617379884035e-19,0.012642971421476655,0,0,nan,nan,nan,0,0
lookahead,dsr_assumed,1,300,0,0.0,8.673617379884035e-19,0.012642971421476655,0,0,nan,nan,nan,0,0
lookahead,dsr,2,300,0,0.0,8.673617379884035e-19,0.012642971421476655,0,0,nan,nan,nan,0,0
lookahead,pbo,2,0,0,nan,nan,nan,0,0,nan,nan,nan,0,300
lookahead,bonferroni,2,300,0,0.0,8.673617379884035e-19,0.012642971421476655,0,0,nan,nan,nan,0,0
lookahead,reality_check,2,300,0,0.0,8.673617379884035e-19,0.012642971421476655,0,0,nan,nan,nan,0,0
lookahead,spa,2,300,0,0.0,8.673617379884035e-19,0.012642971421476655,0,0,nan,nan,nan,0,0
lookahead,placebo,3,300,293,0.9766666666666667,0.9526280274818696,0.9886523397629893,0,0,nan,nan,nan,0,0
lookahead,delay,3,300,288,0.96,0.9313957876817327,0.9769726786105086,0,0,nan,nan,nan,0,0
lookahead,cost_stress,3,300,0,0.0,8.673617379884035e-19,0.012642971421476655,0,0,nan,nan,nan,0,0
lookahead,pit_universe,3,300,0,0.0,8.673617379884035e-19,0.012642971421476655,0,0,nan,nan,nan,0,0
lookahead,holdout,3,300,0,0.0,8.673617379884035e-19,0.012642971421476655,0,0,nan,nan,nan,0,0
lookahead,forward_1y,3,300,286,0.9533333333333334,0.9232026394822935,0.972001066428901,0,0,nan,nan,nan,0,0
lookahead,forward_3y,3,300,292,0.9733333333333334,0.9482710567929951,0.9864269302613404,0,0,nan,nan,nan,0,0
normaliser,psr,1,300,0,0.0,8.673617379884035e-19,0.012642971421476655,0,0,nan,nan,nan,0,0
normaliser,dsr_assumed,1,300,243,0.81,0.7617962077665443,0.8503651499521403,0,0,nan,nan,nan,0,0
normaliser,dsr,2,300,0,0.0,8.673617379884035e-19,0.012642971421476655,0,0,nan,nan,nan,0,0
normaliser,pbo,2,0,0,nan,nan,nan,0,0,nan,nan,nan,0,300
normaliser,bonferroni,2,300,0,0.0,8.673617379884035e-19,0.012642971421476655,0,0,nan,nan,nan,0,0
normaliser,reality_check,2,300,0,0.0,8.673617379884035e-19,0.012642971421476655,0,0,nan,nan,nan,0,0
normaliser,spa,2,300,0,0.0,8.673617379884035e-19,0.012642971421476655,0,0,nan,nan,nan,0,0
normaliser,placebo,3,300,284,0.9466666666666667,0.9151308579259881,0.9669080876041592,0,0,nan,nan,nan,0,0
normaliser,delay,3,300,0,0.0,8.673617379884035e-19,0.012642971421476655,0,0,nan,nan,nan,0,0
normaliser,cost_stress,3,300,0,0.0,8.673617379884035e-19,0.012642971421476655,0,0,nan,nan,nan,0,0
normaliser,pit_universe,3,300,0,0.0,8.673617379884035e-19,0.012642971421476655,0,0,nan,nan,nan,0,0
normaliser,holdout,3,300,253,0.8433333333333334,0.79789197615665,0.8800931834672695,0,0,nan,nan,nan,0,0
normaliser,forward_1y,3,300,280,0.9333333333333333,0.8992769401678006,0.9564324846002529,0,0,nan,nan,nan,0,0
normaliser,forward_3y,3,300,294,0.98,0.9570603789392179,0.9908023684961643,0,0,nan,nan,nan,0,0
cost_ignorer,psr,1,300,0,0.0,8.673617379884035e-19,0.012642971421476655,0,0,nan,nan,nan,0,0
cost_ignorer,dsr_assumed,1,300,298,0.9933333333333333,0.9760224165389365,0.9981698516585397,0,0,nan,nan,nan,0,0
cost_ignorer,dsr,2,300,0,0.0,8.673617379884035e-19,0.012642971421476655,0,0,nan,nan,nan,0,0
cost_ignorer,pbo,2,0,0,nan,nan,nan,0,0,nan,nan,nan,0,300
cost_ignorer,bonferroni,2,300,0,0.0,8.673617379884035e-19,0.012642971421476655,0,0,nan,nan,nan,0,0
cost_ignorer,reality_check,2,300,0,0.0,8.673617379884035e-19,0.012642971421476655,0,0,nan,nan,nan,0,0
cost_ignorer,spa,2,300,0,0.0,8.673617379884035e-19,0.012642971421476655,0,0,nan,nan,nan,0,0
cost_ignorer,placebo,3,300,23,0.07666666666666666,0.05162761162594241,0.11241010417757448,0,0,nan,nan,nan,0,0
cost_ignorer,delay,3,300,285,0.95,0.9191529662326848,0.9694683594879862,0,0,nan,nan,nan,0,0
cost_ignorer,cost_stress,3,300,300,1.0,0.9873570285785234,1.0,0,0,nan,nan,nan,0,0
cost_ignorer,pit_universe,3,300,0,0.0,8.673617379884035e-19,0.012642971421476655,0,0,nan,nan,nan,0,0
cost_ignorer,holdout,3,300,163,0.5433333333333333,0.4867738446108542,0.5987970978659511,0,0,nan,nan,nan,0,0
cost_ignorer,forward_1y,3,300,288,0.96,0.9313957876817327,0.9769726786105086,0,0,nan,nan,nan,0,0
cost_ignorer,forward_3y,3,300,288,0.96,0.9313957876817327,0.9769726786105086,0,0,nan,nan,nan,0,0
survivor,psr,1,300,0,0.0,8.673617379884035e-19,0.012642971421476655,0,0,nan,nan,nan,0,0
survivor,dsr_assumed,1,300,287,0.9566666666666667,0.927282534081179,0.974503552020539,0,0,nan,nan,nan,0,0
survivor,dsr,2,300,0,0.0,8.673617379884035e-19,0.012642971421476655,0,0,nan,nan,nan,0,0
survivor,pbo,2,0,0,nan,nan,nan,0,0,nan,nan,nan,0,300
survivor,bonferroni,2,300,0,0.0,8.673617379884035e-19,0.012642971421476655,0,0,nan,nan,nan,0,0
survivor,reality_check,2,300,0,0.0,8.673617379884035e-19,0.012642971421476655,0,0,nan,nan,nan,0,0
survivor,spa,2,300,0,0.0,8.673617379884035e-19,0.012642971421476655,0,0,nan,nan,nan,0,0
survivor,placebo,3,300,12,0.04,0.0230273213894913,0.06860421231826722,0,0,nan,nan,nan,0,0
survivor,delay,3,300,2,0.006666666666666667,0.0018301483414602509,0.02397758346106338,0,0,nan,nan,nan,0,0
survivor,cost_stress,3,300,0,0.0,8.673617379884035e-19,0.012642971421476655,0,0,nan,nan,nan,0,0
survivor,pit_universe,3,300,287,0.9566666666666667,0.927282534081179,0.974503552020539,0,0,nan,nan,nan,0,0
survivor,holdout,3,300,212,0.7066666666666667,0.6527939122809436,0.7553136595315126,0,0,nan,nan,nan,0,0
survivor,forward_1y,3,300,285,0.95,0.9191529662326848,0.9694683594879862,0,0,nan,nan,nan,0,0
survivor,forward_3y,3,300,281,0.9366666666666666,0.9032086872024095,0.9590831177561675,0,0,nan,nan,nan,0,0
window_picker,psr,1,300,0,0.0,8.673617379884035e-19,0.012642971421476655,0,0,nan,nan,nan,0,0
window_picker,dsr_assumed,1,300,300,1.0,0.9873570285785234,1.0,0,0,nan,nan,nan,0,0
window_picker,dsr,2,300,94,0.31333333333333335,0.26348439718917394,0.3679023121415107,0,0,nan,nan,nan,0,0
window_picker,pbo,2,300,105,0.35,0.2982320021334252,0.40556088929301776,0,0,nan,nan,nan,0,0
window_picker,bonferroni,2,300,232,0.7733333333333333,0.722674679110446,0.8170804965124799,0,0,nan,nan,nan,0,0
window_picker,reality_check,2,300,108,0.36,0.3077693347797391,0.4157706972182743,0,0,nan,nan,nan,0,0
window_picker,spa,2,300,55,0.18333333333333332,0.14364526381747159,0.23102861808279693,0,0,nan,nan,nan,0,0
window_picker,placebo,3,300,100,0.3333333333333333,0.2823934469112944,0.3884875435625311,0,0,nan,nan,nan,0,0
window_picker,delay,3,300,60,0.2,0.15865685867201218,0.2489289241808738,0,0,nan,nan,nan,0,0
window_picker,cost_stress,3,300,0,0.0,8.673617379884035e-19,0.012642971421476655,0,0,nan,nan,nan,0,0
window_picker,pit_universe,3,300,0,0.0,8.673617379884035e-19,0.012642971421476655,0,0,nan,nan,nan,0,0
window_picker,holdout,3,300,159,0.53,0.47350023294292987,0.5857411887717816,0,0,nan,nan,nan,0,0
window_picker,forward_1y,3,300,282,0.94,0.9071605545391724,0.961713630609928,0,0,nan,nan,nan,0,0
window_picker,forward_3y,3,300,287,0.9566666666666667,0.927282534081179,0.974503552020539,0,0,nan,nan,nan,0,0
asset_picker,psr,1,300,0,0.0,8.673617379884035e-19,0.012642971421476655,0,0,nan,nan,nan,0,0
asset_picker,dsr_assumed,1,300,300,1.0,0.9873570285785234,1.0,0,0,nan,nan,nan,0,0
asset_picker,dsr,2,300,300,1.0,0.9873570285785234,1.0,0,0,nan,nan,nan,0,0
asset_picker,pbo,2,300,23,0.07666666666666666,0.05162761162594241,0.11241010417757448,0,0,nan,nan,nan,0,0
asset_picker,bonferroni,2,300,272,0.9066666666666666,0.8684146026387537,0.9346357806051119,0,0,nan,nan,nan,0,0
asset_picker,reality_check,2,300,269,0.8966666666666666,0.8570598272138836,0.9262434154584114,0,0,nan,nan,nan,0,0
asset_picker,spa,2,300,268,0.8933333333333333,0.853296711326599,0.9234241511551726,0,0,nan,nan,nan,0,0
asset_picker,placebo,3,300,269,0.8966666666666666,0.8570598272138836,0.9262434154584114,0,0,nan,nan,nan,0,0
asset_picker,delay,3,300,44,0.14666666666666667,0.11110518719428736,0.19116251261022277,0,0,nan,nan,nan,0,0
asset_picker,cost_stress,3,300,0,0.0,8.673617379884035e-19,0.012642971421476655,0,0,nan,nan,nan,0,0
asset_picker,pit_universe,3,300,0,0.0,8.673617379884035e-19,0.012642971421476655,0,0,nan,nan,nan,0,0
asset_picker,holdout,3,300,260,0.8666666666666667,0.8235282375596923,0.9005335833978915,0,0,nan,nan,nan,0,0
asset_picker,forward_1y,3,300,283,0.9433333333333334,0.9111340416738992,0.9643225236657248,0,0,nan,nan,nan,0,0
asset_picker,forward_3y,3,300,291,0.97,0.9439774605957181,0.9841381462680938,0,0,nan,nan,nan,0,0
